{
  "parent": "antiqueshotgun:1_craft_stock",
  "display": {
    "icon": {
      "item": "antiqueshotgun:handmade_barrel"
    },
    "title": {
      "translate": "advancements.antiqueshotgun.handmade_barrel.title"
    },
    "description": {
      "translate": "advancements.antiqueshotgun.handmade_barrel.desc"
    },
    "frame": "task",
    "show_toast": true,
    "announce_to_chat": true,
    "hidden": false
  },
  "criteria": {
    "obtain_paper": {
      "trigger": "minecraft:inventory_changed",
      "conditions": {
        "items": [
          {
            "item": "antiqueshotgun:handmade_barrel"
          }
        ]
      }
    }
  }
}